{
  "splash-setting": {
    "displayWatermark": false,
    "url": "project://assets/resources/images/logo/socoding.png",
    "clearColor": {
      "x": 0.12941176470588237,
      "y": 0.12941176470588237,
      "z": 0.12941176470588237,
      "w": 1
    }
  }
}
